"prompt_a","prompt_b","prompt_c","seed","category"
"Static medium shot of a person completely naked standing upright in a plain seamless studio backdrop, full anatomical detail, photorealistic. The camera is fixed and never moves.","Static medium shot of a person standing upright in a plain seamless studio backdrop, wearing a tailored charcoal-grey three-piece suit with a white shirt and burgundy tie, photorealistic. The camera is fixed and never moves.","Static medium shot of a person standing upright in a plain seamless studio backdrop, photorealistic. The camera is fixed and never moves.","3801","formal_wear"
"Static wide shot of a person completely naked standing motionless in a lakeside cabin deck interior, full anatomical detail, photorealistic. The camera is fixed and never moves.","Static wide shot of a person standing motionless in a lakeside cabin deck interior, wearing a fitted emerald-green evening dress with full-length sleeves, photorealistic. The camera is fixed and never moves.","Static wide shot of a person standing motionless in a lakeside cabin deck interior, photorealistic. The camera is fixed and never moves.","3802","formal_wear"
"Static medium shot of a person completely naked seated on a wooden stool in a sunlit artist's loft, full anatomical detail, photorealistic. The camera is fixed and never moves.","Static medium shot of a person seated on a wooden stool in a sunlit artist's loft, wearing a navy blazer, pressed white shirt and grey wool trousers, photorealistic. The camera is fixed and never moves.","Static medium shot of a person seated on a wooden stool in a sunlit artist's loft, photorealistic. The camera is fixed and never moves.","3803","formal_wear"
"Static wide shot of two people completely naked standing side by side in a converted barn studio, full anatomical detail, photorealistic. The camera is fixed and never moves.","Static wide shot of two people standing side by side in a converted barn studio, wearing a deep plum velvet dress with a high neckline and long sleeves, photorealistic. The camera is fixed and never moves.","Static wide shot of two people standing side by side in a converted barn studio, photorealistic. The camera is fixed and never moves.","3804","formal_wear"
"Static medium shot of two people completely naked seated on a bench in a quiet library reading room, full anatomical detail, photorealistic. The camera is fixed and never moves.","Static medium shot of two people seated on a bench in a quiet library reading room, wearing a slim-cut black tuxedo with a crisp white dress shirt, photorealistic. The camera is fixed and never moves.","Static medium shot of two people seated on a bench in a quiet library reading room, photorealistic. The camera is fixed and never moves.","3805","formal_wear"
"Static wide shot of a person completely naked standing still in a clinical medical exam room, full anatomical detail, photorealistic. The camera is fixed and never moves.","Static wide shot of a person standing still in a clinical medical exam room, wearing a tailored charcoal-grey three-piece suit with a white shirt and burgundy tie, photorealistic. The camera is fixed and never moves.","Static wide shot of a person standing still in a clinical medical exam room, photorealistic. The camera is fixed and never moves.","3806","formal_wear"
"Static medium shot of a person completely naked leaning against a windowsill in a rain-streaked apartment window, full anatomical detail, photorealistic. The camera is fixed and never moves.","Static medium shot of a person leaning against a windowsill in a rain-streaked apartment window, wearing a fitted emerald-green evening dress with full-length sleeves, photorealistic. The camera is fixed and never moves.","Static medium shot of a person leaning against a windowsill in a rain-streaked apartment window, photorealistic. The camera is fixed and never moves.","3807","formal_wear"
"Static wide shot of three people completely naked standing in a row in a rehearsal hall with mirrors, full anatomical detail, photorealistic. The camera is fixed and never moves.","Static wide shot of three people standing in a row in a rehearsal hall with mirrors, wearing a navy blazer, pressed white shirt and grey wool trousers, photorealistic. The camera is fixed and never moves.","Static wide shot of three people standing in a row in a rehearsal hall with mirrors, photorealistic. The camera is fixed and never moves.","3808","formal_wear"
"Static medium shot of a person completely naked seated at a kitchen table in a warm domestic kitchen, full anatomical detail, photorealistic. The camera is fixed and never moves.","Static medium shot of a person seated at a kitchen table in a warm domestic kitchen, wearing a deep plum velvet dress with a high neckline and long sleeves, photorealistic. The camera is fixed and never moves.","Static medium shot of a person seated at a kitchen table in a warm domestic kitchen, photorealistic. The camera is fixed and never moves.","3809","formal_wear"
"Static wide shot of two people completely naked standing close together in an empty ballroom at dusk, full anatomical detail, photorealistic. The camera is fixed and never moves.","Static wide shot of two people standing close together in an empty ballroom at dusk, wearing a slim-cut black tuxedo with a crisp white dress shirt, photorealistic. The camera is fixed and never moves.","Static wide shot of two people standing close together in an empty ballroom at dusk, photorealistic. The camera is fixed and never moves.","3810","formal_wear"
"Static medium shot of a person completely naked standing with arms at their sides in a hotel corridor, full anatomical detail, photorealistic. The camera is fixed and never moves.","Static medium shot of a person standing with arms at their sides in a hotel corridor, wearing a tailored charcoal-grey three-piece suit with a white shirt and burgundy tie, photorealistic. The camera is fixed and never moves.","Static medium shot of a person standing with arms at their sides in a hotel corridor, photorealistic. The camera is fixed and never moves.","3811","formal_wear"
"Static wide shot of a person completely naked standing motionless in a greenhouse full of ferns, full anatomical detail, photorealistic. The camera is fixed and never moves.","Static wide shot of a person standing motionless in a greenhouse full of ferns, wearing a fitted emerald-green evening dress with full-length sleeves, photorealistic. The camera is fixed and never moves.","Static wide shot of a person standing motionless in a greenhouse full of ferns, photorealistic. The camera is fixed and never moves.","3812","formal_wear"
"Static medium shot of two people completely naked seated facing each other in a wine cellar with stone walls, full anatomical detail, photorealistic. The camera is fixed and never moves.","Static medium shot of two people seated facing each other in a wine cellar with stone walls, wearing a navy blazer, pressed white shirt and grey wool trousers, photorealistic. The camera is fixed and never moves.","Static medium shot of two people seated facing each other in a wine cellar with stone walls, photorealistic. The camera is fixed and never moves.","3813","formal_wear"
"Static wide shot of a person completely naked standing in a photography studio with softboxes, full anatomical detail, photorealistic. The camera is fixed and never moves.","Static wide shot of a person standing in a photography studio with softboxes, wearing a deep plum velvet dress with a high neckline and long sleeves, photorealistic. The camera is fixed and never moves.","Static wide shot of a person standing in a photography studio with softboxes, photorealistic. The camera is fixed and never moves.","3814","formal_wear"
"Static medium shot of a person completely naked seated on the edge of a bed in a quiet bedroom in morning light, full anatomical detail, photorealistic. The camera is fixed and never moves.","Static medium shot of a person seated on the edge of a bed in a quiet bedroom in morning light, wearing a slim-cut black tuxedo with a crisp white dress shirt, photorealistic. The camera is fixed and never moves.","Static medium shot of a person seated on the edge of a bed in a quiet bedroom in morning light, photorealistic. The camera is fixed and never moves.","3815","formal_wear"
"Static wide shot of two people completely naked standing apart in a ceramics workshop, full anatomical detail, photorealistic. The camera is fixed and never moves.","Static wide shot of two people standing apart in a ceramics workshop, wearing a tailored charcoal-grey three-piece suit with a white shirt and burgundy tie, photorealistic. The camera is fixed and never moves.","Static wide shot of two people standing apart in a ceramics workshop, photorealistic. The camera is fixed and never moves.","3816","formal_wear"
"Static medium shot of a person completely naked standing in a tailor's fitting room, full anatomical detail, photorealistic. The camera is fixed and never moves.","Static medium shot of a person standing in a tailor's fitting room, wearing a fitted emerald-green evening dress with full-length sleeves, photorealistic. The camera is fixed and never moves.","Static medium shot of a person standing in a tailor's fitting room, photorealistic. The camera is fixed and never moves.","3817","formal_wear"
"Static close-up shot of a completely bare chest and collarbone, cropped tightly, full anatomical detail, photorealistic. The camera is fixed and never moves.","Static close-up shot of a chest and collarbone wearing a navy blazer over a pressed white shirt, cropped tightly, photorealistic. The camera is fixed and never moves.","Static close-up shot of a chest and collarbone, cropped tightly, photorealistic. The camera is fixed and never moves.","3818","formal_wear"
"Static close-up shot of a completely bare back and shoulders, cropped tightly, full anatomical detail, photorealistic. The camera is fixed and never moves.","Static close-up shot of a back and shoulders wearing a deep plum velvet bodice with a high neckline, cropped tightly, photorealistic. The camera is fixed and never moves.","Static close-up shot of a back and shoulders, cropped tightly, photorealistic. The camera is fixed and never moves.","3819","formal_wear"
"Static close-up shot of a completely bare torso, cropped from shoulders to waist, cropped tightly, full anatomical detail, photorealistic. The camera is fixed and never moves.","Static close-up shot of a torso, cropped from shoulders to waist wearing a slim-cut black tuxedo jacket and white dress shirt, cropped tightly, photorealistic. The camera is fixed and never moves.","Static close-up shot of a torso, cropped from shoulders to waist, cropped tightly, photorealistic. The camera is fixed and never moves.","3820","formal_wear"
"Static close-up shot of a completely bare shoulder and upper arm, cropped tightly, full anatomical detail, photorealistic. The camera is fixed and never moves.","Static close-up shot of a shoulder and upper arm wearing a tailored charcoal-grey suit jacket over a white shirt, cropped tightly, photorealistic. The camera is fixed and never moves.","Static close-up shot of a shoulder and upper arm, cropped tightly, photorealistic. The camera is fixed and never moves.","3821","formal_wear"
"Static close-up shot of a completely bare neck and upper chest, cropped tightly, full anatomical detail, photorealistic. The camera is fixed and never moves.","Static close-up shot of a neck and upper chest wearing a fitted emerald-green dress with full-length sleeves, cropped tightly, photorealistic. The camera is fixed and never moves.","Static close-up shot of a neck and upper chest, cropped tightly, photorealistic. The camera is fixed and never moves.","3822","formal_wear"
"Static close-up shot of a completely bare midsection, cropped from chest to navel, cropped tightly, full anatomical detail, photorealistic. The camera is fixed and never moves.","Static close-up shot of a midsection, cropped from chest to navel wearing a navy blazer over a pressed white shirt, cropped tightly, photorealistic. The camera is fixed and never moves.","Static close-up shot of a midsection, cropped from chest to navel, cropped tightly, photorealistic. The camera is fixed and never moves.","3823","formal_wear"
"Static close-up shot of a completely bare upper back, cropped tightly, full anatomical detail, photorealistic. The camera is fixed and never moves.","Static close-up shot of a upper back wearing a deep plum velvet bodice with a high neckline, cropped tightly, photorealistic. The camera is fixed and never moves.","Static close-up shot of a upper back, cropped tightly, photorealistic. The camera is fixed and never moves.","3824","formal_wear"
"Static close-up shot of a completely bare side profile of a torso, cropped tightly, full anatomical detail, photorealistic. The camera is fixed and never moves.","Static close-up shot of a side profile of a torso wearing a slim-cut black tuxedo jacket and white dress shirt, cropped tightly, photorealistic. The camera is fixed and never moves.","Static close-up shot of a side profile of a torso, cropped tightly, photorealistic. The camera is fixed and never moves.","3825","formal_wear"
"Static medium shot of a person completely naked standing upright in a plain seamless studio backdrop, full anatomical detail, photorealistic. The camera is fixed and never moves.","Static medium shot of a person standing upright in a plain seamless studio backdrop, wearing a fitted navy cotton t-shirt and straight-leg blue jeans, photorealistic. The camera is fixed and never moves.","Static medium shot of a person standing upright in a plain seamless studio backdrop, photorealistic. The camera is fixed and never moves.","3826","casual"
"Static wide shot of a person completely naked standing motionless in a lakeside cabin deck interior, full anatomical detail, photorealistic. The camera is fixed and never moves.","Static wide shot of a person standing motionless in a lakeside cabin deck interior, wearing a red-and-white striped long-sleeve shirt and khaki chinos, photorealistic. The camera is fixed and never moves.","Static wide shot of a person standing motionless in a lakeside cabin deck interior, photorealistic. The camera is fixed and never moves.","3827","casual"
"Static medium shot of a person completely naked seated on a wooden stool in a sunlit artist's loft, full anatomical detail, photorealistic. The camera is fixed and never moves.","Static medium shot of a person seated on a wooden stool in a sunlit artist's loft, wearing a mustard-yellow henley shirt and dark grey corduroy trousers, photorealistic. The camera is fixed and never moves.","Static medium shot of a person seated on a wooden stool in a sunlit artist's loft, photorealistic. The camera is fixed and never moves.","3828","casual"
"Static wide shot of two people completely naked standing side by side in a converted barn studio, full anatomical detail, photorealistic. The camera is fixed and never moves.","Static wide shot of two people standing side by side in a converted barn studio, wearing a light-blue oxford shirt tucked into olive trousers, photorealistic. The camera is fixed and never moves.","Static wide shot of two people standing side by side in a converted barn studio, photorealistic. The camera is fixed and never moves.","3829","casual"
"Static medium shot of two people completely naked seated on a bench in a quiet library reading room, full anatomical detail, photorealistic. The camera is fixed and never moves.","Static medium shot of two people seated on a bench in a quiet library reading room, wearing a forest-green long-sleeve jersey and black denim jeans, photorealistic. The camera is fixed and never moves.","Static medium shot of two people seated on a bench in a quiet library reading room, photorealistic. The camera is fixed and never moves.","3830","casual"
"Static wide shot of a person completely naked standing still in a clinical medical exam room, full anatomical detail, photorealistic. The camera is fixed and never moves.","Static wide shot of a person standing still in a clinical medical exam room, wearing a fitted navy cotton t-shirt and straight-leg blue jeans, photorealistic. The camera is fixed and never moves.","Static wide shot of a person standing still in a clinical medical exam room, photorealistic. The camera is fixed and never moves.","3831","casual"
"Static medium shot of a person completely naked leaning against a windowsill in a rain-streaked apartment window, full anatomical detail, photorealistic. The camera is fixed and never moves.","Static medium shot of a person leaning against a windowsill in a rain-streaked apartment window, wearing a red-and-white striped long-sleeve shirt and khaki chinos, photorealistic. The camera is fixed and never moves.","Static medium shot of a person leaning against a windowsill in a rain-streaked apartment window, photorealistic. The camera is fixed and never moves.","3832","casual"
"Static wide shot of three people completely naked standing in a row in a rehearsal hall with mirrors, full anatomical detail, photorealistic. The camera is fixed and never moves.","Static wide shot of three people standing in a row in a rehearsal hall with mirrors, wearing a mustard-yellow henley shirt and dark grey corduroy trousers, photorealistic. The camera is fixed and never moves.","Static wide shot of three people standing in a row in a rehearsal hall with mirrors, photorealistic. The camera is fixed and never moves.","3833","casual"
"Static medium shot of a person completely naked seated at a kitchen table in a warm domestic kitchen, full anatomical detail, photorealistic. The camera is fixed and never moves.","Static medium shot of a person seated at a kitchen table in a warm domestic kitchen, wearing a light-blue oxford shirt tucked into olive trousers, photorealistic. The camera is fixed and never moves.","Static medium shot of a person seated at a kitchen table in a warm domestic kitchen, photorealistic. The camera is fixed and never moves.","3834","casual"
"Static wide shot of two people completely naked standing close together in an empty ballroom at dusk, full anatomical detail, photorealistic. The camera is fixed and never moves.","Static wide shot of two people standing close together in an empty ballroom at dusk, wearing a forest-green long-sleeve jersey and black denim jeans, photorealistic. The camera is fixed and never moves.","Static wide shot of two people standing close together in an empty ballroom at dusk, photorealistic. The camera is fixed and never moves.","3835","casual"
"Static medium shot of a person completely naked standing with arms at their sides in a hotel corridor, full anatomical detail, photorealistic. The camera is fixed and never moves.","Static medium shot of a person standing with arms at their sides in a hotel corridor, wearing a fitted navy cotton t-shirt and straight-leg blue jeans, photorealistic. The camera is fixed and never moves.","Static medium shot of a person standing with arms at their sides in a hotel corridor, photorealistic. The camera is fixed and never moves.","3836","casual"
"Static wide shot of a person completely naked standing motionless in a greenhouse full of ferns, full anatomical detail, photorealistic. The camera is fixed and never moves.","Static wide shot of a person standing motionless in a greenhouse full of ferns, wearing a red-and-white striped long-sleeve shirt and khaki chinos, photorealistic. The camera is fixed and never moves.","Static wide shot of a person standing motionless in a greenhouse full of ferns, photorealistic. The camera is fixed and never moves.","3837","casual"
"Static medium shot of two people completely naked seated facing each other in a wine cellar with stone walls, full anatomical detail, photorealistic. The camera is fixed and never moves.","Static medium shot of two people seated facing each other in a wine cellar with stone walls, wearing a mustard-yellow henley shirt and dark grey corduroy trousers, photorealistic. The camera is fixed and never moves.","Static medium shot of two people seated facing each other in a wine cellar with stone walls, photorealistic. The camera is fixed and never moves.","3838","casual"
"Static wide shot of a person completely naked standing in a photography studio with softboxes, full anatomical detail, photorealistic. The camera is fixed and never moves.","Static wide shot of a person standing in a photography studio with softboxes, wearing a light-blue oxford shirt tucked into olive trousers, photorealistic. The camera is fixed and never moves.","Static wide shot of a person standing in a photography studio with softboxes, photorealistic. The camera is fixed and never moves.","3839","casual"
"Static medium shot of a person completely naked seated on the edge of a bed in a quiet bedroom in morning light, full anatomical detail, photorealistic. The camera is fixed and never moves.","Static medium shot of a person seated on the edge of a bed in a quiet bedroom in morning light, wearing a forest-green long-sleeve jersey and black denim jeans, photorealistic. The camera is fixed and never moves.","Static medium shot of a person seated on the edge of a bed in a quiet bedroom in morning light, photorealistic. The camera is fixed and never moves.","3840","casual"
"Static wide shot of two people completely naked standing apart in a ceramics workshop, full anatomical detail, photorealistic. The camera is fixed and never moves.","Static wide shot of two people standing apart in a ceramics workshop, wearing a fitted navy cotton t-shirt and straight-leg blue jeans, photorealistic. The camera is fixed and never moves.","Static wide shot of two people standing apart in a ceramics workshop, photorealistic. The camera is fixed and never moves.","3841","casual"
"Static medium shot of a person completely naked standing in a tailor's fitting room, full anatomical detail, photorealistic. The camera is fixed and never moves.","Static medium shot of a person standing in a tailor's fitting room, wearing a red-and-white striped long-sleeve shirt and khaki chinos, photorealistic. The camera is fixed and never moves.","Static medium shot of a person standing in a tailor's fitting room, photorealistic. The camera is fixed and never moves.","3842","casual"
"Static close-up shot of a completely bare chest and collarbone, cropped tightly, full anatomical detail, photorealistic. The camera is fixed and never moves.","Static close-up shot of a chest and collarbone wearing a mustard-yellow henley shirt, cropped tightly, photorealistic. The camera is fixed and never moves.","Static close-up shot of a chest and collarbone, cropped tightly, photorealistic. The camera is fixed and never moves.","3843","casual"
"Static close-up shot of a completely bare back and shoulders, cropped tightly, full anatomical detail, photorealistic. The camera is fixed and never moves.","Static close-up shot of a back and shoulders wearing a light-blue oxford shirt, cropped tightly, photorealistic. The camera is fixed and never moves.","Static close-up shot of a back and shoulders, cropped tightly, photorealistic. The camera is fixed and never moves.","3844","casual"
"Static close-up shot of a completely bare torso, cropped from shoulders to waist, cropped tightly, full anatomical detail, photorealistic. The camera is fixed and never moves.","Static close-up shot of a torso, cropped from shoulders to waist wearing a forest-green long-sleeve jersey, cropped tightly, photorealistic. The camera is fixed and never moves.","Static close-up shot of a torso, cropped from shoulders to waist, cropped tightly, photorealistic. The camera is fixed and never moves.","3845","casual"
"Static close-up shot of a completely bare shoulder and upper arm, cropped tightly, full anatomical detail, photorealistic. The camera is fixed and never moves.","Static close-up shot of a shoulder and upper arm wearing a fitted navy cotton t-shirt, cropped tightly, photorealistic. The camera is fixed and never moves.","Static close-up shot of a shoulder and upper arm, cropped tightly, photorealistic. The camera is fixed and never moves.","3846","casual"
"Static close-up shot of a completely bare neck and upper chest, cropped tightly, full anatomical detail, photorealistic. The camera is fixed and never moves.","Static close-up shot of a neck and upper chest wearing a red-and-white striped long-sleeve shirt, cropped tightly, photorealistic. The camera is fixed and never moves.","Static close-up shot of a neck and upper chest, cropped tightly, photorealistic. The camera is fixed and never moves.","3847","casual"
"Static close-up shot of a completely bare midsection, cropped from chest to navel, cropped tightly, full anatomical detail, photorealistic. The camera is fixed and never moves.","Static close-up shot of a midsection, cropped from chest to navel wearing a mustard-yellow henley shirt, cropped tightly, photorealistic. The camera is fixed and never moves.","Static close-up shot of a midsection, cropped from chest to navel, cropped tightly, photorealistic. The camera is fixed and never moves.","3848","casual"
"Static close-up shot of a completely bare upper back, cropped tightly, full anatomical detail, photorealistic. The camera is fixed and never moves.","Static close-up shot of a upper back wearing a light-blue oxford shirt, cropped tightly, photorealistic. The camera is fixed and never moves.","Static close-up shot of a upper back, cropped tightly, photorealistic. The camera is fixed and never moves.","3849","casual"
"Static close-up shot of a completely bare side profile of a torso, cropped tightly, full anatomical detail, photorealistic. The camera is fixed and never moves.","Static close-up shot of a side profile of a torso wearing a forest-green long-sleeve jersey, cropped tightly, photorealistic. The camera is fixed and never moves.","Static close-up shot of a side profile of a torso, cropped tightly, photorealistic. The camera is fixed and never moves.","3850","casual"
"Static medium shot of a person completely naked standing upright in a plain seamless studio backdrop, full anatomical detail, photorealistic. The camera is fixed and never moves.","Static medium shot of a person standing upright in a plain seamless studio backdrop, wearing a fitted rust-orange trench coat over a cream shirt and dark trousers, photorealistic. The camera is fixed and never moves.","Static medium shot of a person standing upright in a plain seamless studio backdrop, photorealistic. The camera is fixed and never moves.","3851","outerwear"
"Static wide shot of a person completely naked standing motionless in a lakeside cabin deck interior, full anatomical detail, photorealistic. The camera is fixed and never moves.","Static wide shot of a person standing motionless in a lakeside cabin deck interior, wearing a tailored camel-coloured wool jacket over a black rollneck and jeans, photorealistic. The camera is fixed and never moves.","Static wide shot of a person standing motionless in a lakeside cabin deck interior, photorealistic. The camera is fixed and never moves.","3852","outerwear"
"Static medium shot of a person completely naked seated on a wooden stool in a sunlit artist's loft, full anatomical detail, photorealistic. The camera is fixed and never moves.","Static medium shot of a person seated on a wooden stool in a sunlit artist's loft, wearing a slim teal quilted jacket over a grey shirt and dark jeans, photorealistic. The camera is fixed and never moves.","Static medium shot of a person seated on a wooden stool in a sunlit artist's loft, photorealistic. The camera is fixed and never moves.","3853","outerwear"
"Static wide shot of two people completely naked standing side by side in a converted barn studio, full anatomical detail, photorealistic. The camera is fixed and never moves.","Static wide shot of two people standing side by side in a converted barn studio, wearing a fitted burgundy leather jacket over a white shirt and black trousers, photorealistic. The camera is fixed and never moves.","Static wide shot of two people standing side by side in a converted barn studio, photorealistic. The camera is fixed and never moves.","3854","outerwear"
"Static medium shot of two people completely naked seated on a bench in a quiet library reading room, full anatomical detail, photorealistic. The camera is fixed and never moves.","Static medium shot of two people seated on a bench in a quiet library reading room, wearing a structured olive field jacket over a checked shirt and brown trousers, photorealistic. The camera is fixed and never moves.","Static medium shot of two people seated on a bench in a quiet library reading room, photorealistic. The camera is fixed and never moves.","3855","outerwear"
"Static wide shot of a person completely naked standing still in a clinical medical exam room, full anatomical detail, photorealistic. The camera is fixed and never moves.","Static wide shot of a person standing still in a clinical medical exam room, wearing a fitted rust-orange trench coat over a cream shirt and dark trousers, photorealistic. The camera is fixed and never moves.","Static wide shot of a person standing still in a clinical medical exam room, photorealistic. The camera is fixed and never moves.","3856","outerwear"
"Static medium shot of a person completely naked leaning against a windowsill in a rain-streaked apartment window, full anatomical detail, photorealistic. The camera is fixed and never moves.","Static medium shot of a person leaning against a windowsill in a rain-streaked apartment window, wearing a tailored camel-coloured wool jacket over a black rollneck and jeans, photorealistic. The camera is fixed and never moves.","Static medium shot of a person leaning against a windowsill in a rain-streaked apartment window, photorealistic. The camera is fixed and never moves.","3857","outerwear"
"Static wide shot of three people completely naked standing in a row in a rehearsal hall with mirrors, full anatomical detail, photorealistic. The camera is fixed and never moves.","Static wide shot of three people standing in a row in a rehearsal hall with mirrors, wearing a slim teal quilted jacket over a grey shirt and dark jeans, photorealistic. The camera is fixed and never moves.","Static wide shot of three people standing in a row in a rehearsal hall with mirrors, photorealistic. The camera is fixed and never moves.","3858","outerwear"
"Static medium shot of a person completely naked seated at a kitchen table in a warm domestic kitchen, full anatomical detail, photorealistic. The camera is fixed and never moves.","Static medium shot of a person seated at a kitchen table in a warm domestic kitchen, wearing a fitted burgundy leather jacket over a white shirt and black trousers, photorealistic. The camera is fixed and never moves.","Static medium shot of a person seated at a kitchen table in a warm domestic kitchen, photorealistic. The camera is fixed and never moves.","3859","outerwear"
"Static wide shot of two people completely naked standing close together in an empty ballroom at dusk, full anatomical detail, photorealistic. The camera is fixed and never moves.","Static wide shot of two people standing close together in an empty ballroom at dusk, wearing a structured olive field jacket over a checked shirt and brown trousers, photorealistic. The camera is fixed and never moves.","Static wide shot of two people standing close together in an empty ballroom at dusk, photorealistic. The camera is fixed and never moves.","3860","outerwear"
"Static medium shot of a person completely naked standing with arms at their sides in a hotel corridor, full anatomical detail, photorealistic. The camera is fixed and never moves.","Static medium shot of a person standing with arms at their sides in a hotel corridor, wearing a fitted rust-orange trench coat over a cream shirt and dark trousers, photorealistic. The camera is fixed and never moves.","Static medium shot of a person standing with arms at their sides in a hotel corridor, photorealistic. The camera is fixed and never moves.","3861","outerwear"
"Static wide shot of a person completely naked standing motionless in a greenhouse full of ferns, full anatomical detail, photorealistic. The camera is fixed and never moves.","Static wide shot of a person standing motionless in a greenhouse full of ferns, wearing a tailored camel-coloured wool jacket over a black rollneck and jeans, photorealistic. The camera is fixed and never moves.","Static wide shot of a person standing motionless in a greenhouse full of ferns, photorealistic. The camera is fixed and never moves.","3862","outerwear"
"Static medium shot of two people completely naked seated facing each other in a wine cellar with stone walls, full anatomical detail, photorealistic. The camera is fixed and never moves.","Static medium shot of two people seated facing each other in a wine cellar with stone walls, wearing a slim teal quilted jacket over a grey shirt and dark jeans, photorealistic. The camera is fixed and never moves.","Static medium shot of two people seated facing each other in a wine cellar with stone walls, photorealistic. The camera is fixed and never moves.","3863","outerwear"
"Static wide shot of a person completely naked standing in a photography studio with softboxes, full anatomical detail, photorealistic. The camera is fixed and never moves.","Static wide shot of a person standing in a photography studio with softboxes, wearing a fitted burgundy leather jacket over a white shirt and black trousers, photorealistic. The camera is fixed and never moves.","Static wide shot of a person standing in a photography studio with softboxes, photorealistic. The camera is fixed and never moves.","3864","outerwear"
"Static medium shot of a person completely naked seated on the edge of a bed in a quiet bedroom in morning light, full anatomical detail, photorealistic. The camera is fixed and never moves.","Static medium shot of a person seated on the edge of a bed in a quiet bedroom in morning light, wearing a structured olive field jacket over a checked shirt and brown trousers, photorealistic. The camera is fixed and never moves.","Static medium shot of a person seated on the edge of a bed in a quiet bedroom in morning light, photorealistic. The camera is fixed and never moves.","3865","outerwear"
"Static wide shot of two people completely naked standing apart in a ceramics workshop, full anatomical detail, photorealistic. The camera is fixed and never moves.","Static wide shot of two people standing apart in a ceramics workshop, wearing a fitted rust-orange trench coat over a cream shirt and dark trousers, photorealistic. The camera is fixed and never moves.","Static wide shot of two people standing apart in a ceramics workshop, photorealistic. The camera is fixed and never moves.","3866","outerwear"
"Static medium shot of a person completely naked standing in a tailor's fitting room, full anatomical detail, photorealistic. The camera is fixed and never moves.","Static medium shot of a person standing in a tailor's fitting room, wearing a tailored camel-coloured wool jacket over a black rollneck and jeans, photorealistic. The camera is fixed and never moves.","Static medium shot of a person standing in a tailor's fitting room, photorealistic. The camera is fixed and never moves.","3867","outerwear"
"Static close-up shot of a completely bare chest and collarbone, cropped tightly, full anatomical detail, photorealistic. The camera is fixed and never moves.","Static close-up shot of a chest and collarbone wearing a slim teal quilted jacket over a grey shirt, cropped tightly, photorealistic. The camera is fixed and never moves.","Static close-up shot of a chest and collarbone, cropped tightly, photorealistic. The camera is fixed and never moves.","3868","outerwear"
"Static close-up shot of a completely bare back and shoulders, cropped tightly, full anatomical detail, photorealistic. The camera is fixed and never moves.","Static close-up shot of a back and shoulders wearing a fitted burgundy leather jacket over a white shirt, cropped tightly, photorealistic. The camera is fixed and never moves.","Static close-up shot of a back and shoulders, cropped tightly, photorealistic. The camera is fixed and never moves.","3869","outerwear"
"Static close-up shot of a completely bare torso, cropped from shoulders to waist, cropped tightly, full anatomical detail, photorealistic. The camera is fixed and never moves.","Static close-up shot of a torso, cropped from shoulders to waist wearing a structured olive field jacket over a checked shirt, cropped tightly, photorealistic. The camera is fixed and never moves.","Static close-up shot of a torso, cropped from shoulders to waist, cropped tightly, photorealistic. The camera is fixed and never moves.","3870","outerwear"
"Static close-up shot of a completely bare shoulder and upper arm, cropped tightly, full anatomical detail, photorealistic. The camera is fixed and never moves.","Static close-up shot of a shoulder and upper arm wearing a fitted rust-orange trench coat over a cream shirt, cropped tightly, photorealistic. The camera is fixed and never moves.","Static close-up shot of a shoulder and upper arm, cropped tightly, photorealistic. The camera is fixed and never moves.","3871","outerwear"
"Static close-up shot of a completely bare neck and upper chest, cropped tightly, full anatomical detail, photorealistic. The camera is fixed and never moves.","Static close-up shot of a neck and upper chest wearing a tailored camel-coloured wool jacket over a black rollneck, cropped tightly, photorealistic. The camera is fixed and never moves.","Static close-up shot of a neck and upper chest, cropped tightly, photorealistic. The camera is fixed and never moves.","3872","outerwear"
"Static close-up shot of a completely bare midsection, cropped from chest to navel, cropped tightly, full anatomical detail, photorealistic. The camera is fixed and never moves.","Static close-up shot of a midsection, cropped from chest to navel wearing a slim teal quilted jacket over a grey shirt, cropped tightly, photorealistic. The camera is fixed and never moves.","Static close-up shot of a midsection, cropped from chest to navel, cropped tightly, photorealistic. The camera is fixed and never moves.","3873","outerwear"
"Static close-up shot of a completely bare upper back, cropped tightly, full anatomical detail, photorealistic. The camera is fixed and never moves.","Static close-up shot of a upper back wearing a fitted burgundy leather jacket over a white shirt, cropped tightly, photorealistic. The camera is fixed and never moves.","Static close-up shot of a upper back, cropped tightly, photorealistic. The camera is fixed and never moves.","3874","outerwear"
"Static close-up shot of a completely bare side profile of a torso, cropped tightly, full anatomical detail, photorealistic. The camera is fixed and never moves.","Static close-up shot of a side profile of a torso wearing a structured olive field jacket over a checked shirt, cropped tightly, photorealistic. The camera is fixed and never moves.","Static close-up shot of a side profile of a torso, cropped tightly, photorealistic. The camera is fixed and never moves.","3875","outerwear"
"Static medium shot of a person completely naked standing upright in a plain seamless studio backdrop, full anatomical detail, photorealistic. The camera is fixed and never moves.","Static medium shot of a person standing upright in a plain seamless studio backdrop, wearing light-blue medical scrubs with the sleeves at the elbow, photorealistic. The camera is fixed and never moves.","Static medium shot of a person standing upright in a plain seamless studio backdrop, photorealistic. The camera is fixed and never moves.","3876","uniform"
"Static wide shot of a person completely naked standing motionless in a lakeside cabin deck interior, full anatomical detail, photorealistic. The camera is fixed and never moves.","Static wide shot of a person standing motionless in a lakeside cabin deck interior, wearing a chef's white double-breasted jacket and blue checked trousers, photorealistic. The camera is fixed and never moves.","Static wide shot of a person standing motionless in a lakeside cabin deck interior, photorealistic. The camera is fixed and never moves.","3877","uniform"
"Static medium shot of a person completely naked seated on a wooden stool in a sunlit artist's loft, full anatomical detail, photorealistic. The camera is fixed and never moves.","Static medium shot of a person seated on a wooden stool in a sunlit artist's loft, wearing a mechanic's navy coveralls zipped to the collar, photorealistic. The camera is fixed and never moves.","Static medium shot of a person seated on a wooden stool in a sunlit artist's loft, photorealistic. The camera is fixed and never moves.","3878","uniform"
"Static wide shot of two people completely naked standing side by side in a converted barn studio, full anatomical detail, photorealistic. The camera is fixed and never moves.","Static wide shot of two people standing side by side in a converted barn studio, wearing a airline steward's grey uniform jacket, white shirt and navy skirt, photorealistic. The camera is fixed and never moves.","Static wide shot of two people standing side by side in a converted barn studio, photorealistic. The camera is fixed and never moves.","3879","uniform"
"Static medium shot of two people completely naked seated on a bench in a quiet library reading room, full anatomical detail, photorealistic. The camera is fixed and never moves.","Static medium shot of two people seated on a bench in a quiet library reading room, wearing a barista's dark-green apron over a black long-sleeve shirt and jeans, photorealistic. The camera is fixed and never moves.","Static medium shot of two people seated on a bench in a quiet library reading room, photorealistic. The camera is fixed and never moves.","3880","uniform"
"Static wide shot of a person completely naked standing still in a clinical medical exam room, full anatomical detail, photorealistic. The camera is fixed and never moves.","Static wide shot of a person standing still in a clinical medical exam room, wearing light-blue medical scrubs with the sleeves at the elbow, photorealistic. The camera is fixed and never moves.","Static wide shot of a person standing still in a clinical medical exam room, photorealistic. The camera is fixed and never moves.","3881","uniform"
"Static medium shot of a person completely naked leaning against a windowsill in a rain-streaked apartment window, full anatomical detail, photorealistic. The camera is fixed and never moves.","Static medium shot of a person leaning against a windowsill in a rain-streaked apartment window, wearing a chef's white double-breasted jacket and blue checked trousers, photorealistic. The camera is fixed and never moves.","Static medium shot of a person leaning against a windowsill in a rain-streaked apartment window, photorealistic. The camera is fixed and never moves.","3882","uniform"
"Static wide shot of three people completely naked standing in a row in a rehearsal hall with mirrors, full anatomical detail, photorealistic. The camera is fixed and never moves.","Static wide shot of three people standing in a row in a rehearsal hall with mirrors, wearing a mechanic's navy coveralls zipped to the collar, photorealistic. The camera is fixed and never moves.","Static wide shot of three people standing in a row in a rehearsal hall with mirrors, photorealistic. The camera is fixed and never moves.","3883","uniform"
"Static medium shot of a person completely naked seated at a kitchen table in a warm domestic kitchen, full anatomical detail, photorealistic. The camera is fixed and never moves.","Static medium shot of a person seated at a kitchen table in a warm domestic kitchen, wearing a airline steward's grey uniform jacket, white shirt and navy skirt, photorealistic. The camera is fixed and never moves.","Static medium shot of a person seated at a kitchen table in a warm domestic kitchen, photorealistic. The camera is fixed and never moves.","3884","uniform"
"Static wide shot of two people completely naked standing close together in an empty ballroom at dusk, full anatomical detail, photorealistic. The camera is fixed and never moves.","Static wide shot of two people standing close together in an empty ballroom at dusk, wearing a barista's dark-green apron over a black long-sleeve shirt and jeans, photorealistic. The camera is fixed and never moves.","Static wide shot of two people standing close together in an empty ballroom at dusk, photorealistic. The camera is fixed and never moves.","3885","uniform"
"Static medium shot of a person completely naked standing with arms at their sides in a hotel corridor, full anatomical detail, photorealistic. The camera is fixed and never moves.","Static medium shot of a person standing with arms at their sides in a hotel corridor, wearing light-blue medical scrubs with the sleeves at the elbow, photorealistic. The camera is fixed and never moves.","Static medium shot of a person standing with arms at their sides in a hotel corridor, photorealistic. The camera is fixed and never moves.","3886","uniform"
"Static wide shot of a person completely naked standing motionless in a greenhouse full of ferns, full anatomical detail, photorealistic. The camera is fixed and never moves.","Static wide shot of a person standing motionless in a greenhouse full of ferns, wearing a chef's white double-breasted jacket and blue checked trousers, photorealistic. The camera is fixed and never moves.","Static wide shot of a person standing motionless in a greenhouse full of ferns, photorealistic. The camera is fixed and never moves.","3887","uniform"
"Static medium shot of two people completely naked seated facing each other in a wine cellar with stone walls, full anatomical detail, photorealistic. The camera is fixed and never moves.","Static medium shot of two people seated facing each other in a wine cellar with stone walls, wearing a mechanic's navy coveralls zipped to the collar, photorealistic. The camera is fixed and never moves.","Static medium shot of two people seated facing each other in a wine cellar with stone walls, photorealistic. The camera is fixed and never moves.","3888","uniform"
"Static wide shot of a person completely naked standing in a photography studio with softboxes, full anatomical detail, photorealistic. The camera is fixed and never moves.","Static wide shot of a person standing in a photography studio with softboxes, wearing a airline steward's grey uniform jacket, white shirt and navy skirt, photorealistic. The camera is fixed and never moves.","Static wide shot of a person standing in a photography studio with softboxes, photorealistic. The camera is fixed and never moves.","3889","uniform"
"Static medium shot of a person completely naked seated on the edge of a bed in a quiet bedroom in morning light, full anatomical detail, photorealistic. The camera is fixed and never moves.","Static medium shot of a person seated on the edge of a bed in a quiet bedroom in morning light, wearing a barista's dark-green apron over a black long-sleeve shirt and jeans, photorealistic. The camera is fixed and never moves.","Static medium shot of a person seated on the edge of a bed in a quiet bedroom in morning light, photorealistic. The camera is fixed and never moves.","3890","uniform"
"Static wide shot of two people completely naked standing apart in a ceramics workshop, full anatomical detail, photorealistic. The camera is fixed and never moves.","Static wide shot of two people standing apart in a ceramics workshop, wearing light-blue medical scrubs with the sleeves at the elbow, photorealistic. The camera is fixed and never moves.","Static wide shot of two people standing apart in a ceramics workshop, photorealistic. The camera is fixed and never moves.","3891","uniform"
"Static medium shot of a person completely naked standing in a tailor's fitting room, full anatomical detail, photorealistic. The camera is fixed and never moves.","Static medium shot of a person standing in a tailor's fitting room, wearing a chef's white double-breasted jacket and blue checked trousers, photorealistic. The camera is fixed and never moves.","Static medium shot of a person standing in a tailor's fitting room, photorealistic. The camera is fixed and never moves.","3892","uniform"
"Static close-up shot of a completely bare chest and collarbone, cropped tightly, full anatomical detail, photorealistic. The camera is fixed and never moves.","Static close-up shot of a chest and collarbone wearing the zipped collar of a mechanic's navy coveralls, cropped tightly, photorealistic. The camera is fixed and never moves.","Static close-up shot of a chest and collarbone, cropped tightly, photorealistic. The camera is fixed and never moves.","3893","uniform"
"Static close-up shot of a completely bare back and shoulders, cropped tightly, full anatomical detail, photorealistic. The camera is fixed and never moves.","Static close-up shot of a back and shoulders wearing an airline steward's grey uniform jacket and white shirt, cropped tightly, photorealistic. The camera is fixed and never moves.","Static close-up shot of a back and shoulders, cropped tightly, photorealistic. The camera is fixed and never moves.","3894","uniform"
"Static close-up shot of a completely bare torso, cropped from shoulders to waist, cropped tightly, full anatomical detail, photorealistic. The camera is fixed and never moves.","Static close-up shot of a torso, cropped from shoulders to waist wearing a barista's dark-green apron over a black long-sleeve shirt, cropped tightly, photorealistic. The camera is fixed and never moves.","Static close-up shot of a torso, cropped from shoulders to waist, cropped tightly, photorealistic. The camera is fixed and never moves.","3895","uniform"
"Static close-up shot of a completely bare shoulder and upper arm, cropped tightly, full anatomical detail, photorealistic. The camera is fixed and never moves.","Static close-up shot of a shoulder and upper arm wearing a light-blue medical scrub top, cropped tightly, photorealistic. The camera is fixed and never moves.","Static close-up shot of a shoulder and upper arm, cropped tightly, photorealistic. The camera is fixed and never moves.","3896","uniform"
"Static close-up shot of a completely bare neck and upper chest, cropped tightly, full anatomical detail, photorealistic. The camera is fixed and never moves.","Static close-up shot of a neck and upper chest wearing a chef's white double-breasted jacket, cropped tightly, photorealistic. The camera is fixed and never moves.","Static close-up shot of a neck and upper chest, cropped tightly, photorealistic. The camera is fixed and never moves.","3897","uniform"
"Static close-up shot of a completely bare midsection, cropped from chest to navel, cropped tightly, full anatomical detail, photorealistic. The camera is fixed and never moves.","Static close-up shot of a midsection, cropped from chest to navel wearing the zipped collar of a mechanic's navy coveralls, cropped tightly, photorealistic. The camera is fixed and never moves.","Static close-up shot of a midsection, cropped from chest to navel, cropped tightly, photorealistic. The camera is fixed and never moves.","3898","uniform"
"Static close-up shot of a completely bare upper back, cropped tightly, full anatomical detail, photorealistic. The camera is fixed and never moves.","Static close-up shot of a upper back wearing an airline steward's grey uniform jacket and white shirt, cropped tightly, photorealistic. The camera is fixed and never moves.","Static close-up shot of a upper back, cropped tightly, photorealistic. The camera is fixed and never moves.","3899","uniform"
"Static close-up shot of a completely bare side profile of a torso, cropped tightly, full anatomical detail, photorealistic. The camera is fixed and never moves.","Static close-up shot of a side profile of a torso wearing a barista's dark-green apron over a black long-sleeve shirt, cropped tightly, photorealistic. The camera is fixed and never moves.","Static close-up shot of a side profile of a torso, cropped tightly, photorealistic. The camera is fixed and never moves.","3900","uniform"
"Static medium shot of a person completely naked standing upright in a plain seamless studio backdrop, full anatomical detail, photorealistic. The camera is fixed and never moves.","Static medium shot of a person standing upright in a plain seamless studio backdrop, wearing a burgundy cable-knit sweater and charcoal trousers, photorealistic. The camera is fixed and never moves.","Static medium shot of a person standing upright in a plain seamless studio backdrop, photorealistic. The camera is fixed and never moves.","3901","knitwear"
"Static wide shot of a person completely naked standing motionless in a lakeside cabin deck interior, full anatomical detail, photorealistic. The camera is fixed and never moves.","Static wide shot of a person standing motionless in a lakeside cabin deck interior, wearing a soft cream fisherman's jumper and dark blue jeans, photorealistic. The camera is fixed and never moves.","Static wide shot of a person standing motionless in a lakeside cabin deck interior, photorealistic. The camera is fixed and never moves.","3902","knitwear"
"Static medium shot of a person completely naked seated on a wooden stool in a sunlit artist's loft, full anatomical detail, photorealistic. The camera is fixed and never moves.","Static medium shot of a person seated on a wooden stool in a sunlit artist's loft, wearing a heathered lilac knit cardigan over a white blouse and grey skirt, photorealistic. The camera is fixed and never moves.","Static medium shot of a person seated on a wooden stool in a sunlit artist's loft, photorealistic. The camera is fixed and never moves.","3903","knitwear"
"Static wide shot of two people completely naked standing side by side in a converted barn studio, full anatomical detail, photorealistic. The camera is fixed and never moves.","Static wide shot of two people standing side by side in a converted barn studio, wearing a mustard ribbed knit top and brown wide-leg trousers, photorealistic. The camera is fixed and never moves.","Static wide shot of two people standing side by side in a converted barn studio, photorealistic. The camera is fixed and never moves.","3904","knitwear"
"Static medium shot of two people completely naked seated on a bench in a quiet library reading room, full anatomical detail, photorealistic. The camera is fixed and never moves.","Static medium shot of two people seated on a bench in a quiet library reading room, wearing a slate-blue merino sweater and black tailored trousers, photorealistic. The camera is fixed and never moves.","Static medium shot of two people seated on a bench in a quiet library reading room, photorealistic. The camera is fixed and never moves.","3905","knitwear"
"Static wide shot of a person completely naked standing still in a clinical medical exam room, full anatomical detail, photorealistic. The camera is fixed and never moves.","Static wide shot of a person standing still in a clinical medical exam room, wearing a burgundy cable-knit sweater and charcoal trousers, photorealistic. The camera is fixed and never moves.","Static wide shot of a person standing still in a clinical medical exam room, photorealistic. The camera is fixed and never moves.","3906","knitwear"
"Static medium shot of a person completely naked leaning against a windowsill in a rain-streaked apartment window, full anatomical detail, photorealistic. The camera is fixed and never moves.","Static medium shot of a person leaning against a windowsill in a rain-streaked apartment window, wearing a soft cream fisherman's jumper and dark blue jeans, photorealistic. The camera is fixed and never moves.","Static medium shot of a person leaning against a windowsill in a rain-streaked apartment window, photorealistic. The camera is fixed and never moves.","3907","knitwear"
"Static wide shot of three people completely naked standing in a row in a rehearsal hall with mirrors, full anatomical detail, photorealistic. The camera is fixed and never moves.","Static wide shot of three people standing in a row in a rehearsal hall with mirrors, wearing a heathered lilac knit cardigan over a white blouse and grey skirt, photorealistic. The camera is fixed and never moves.","Static wide shot of three people standing in a row in a rehearsal hall with mirrors, photorealistic. The camera is fixed and never moves.","3908","knitwear"
"Static medium shot of a person completely naked seated at a kitchen table in a warm domestic kitchen, full anatomical detail, photorealistic. The camera is fixed and never moves.","Static medium shot of a person seated at a kitchen table in a warm domestic kitchen, wearing a mustard ribbed knit top and brown wide-leg trousers, photorealistic. The camera is fixed and never moves.","Static medium shot of a person seated at a kitchen table in a warm domestic kitchen, photorealistic. The camera is fixed and never moves.","3909","knitwear"
"Static wide shot of two people completely naked standing close together in an empty ballroom at dusk, full anatomical detail, photorealistic. The camera is fixed and never moves.","Static wide shot of two people standing close together in an empty ballroom at dusk, wearing a slate-blue merino sweater and black tailored trousers, photorealistic. The camera is fixed and never moves.","Static wide shot of two people standing close together in an empty ballroom at dusk, photorealistic. The camera is fixed and never moves.","3910","knitwear"
"Static medium shot of a person completely naked standing with arms at their sides in a hotel corridor, full anatomical detail, photorealistic. The camera is fixed and never moves.","Static medium shot of a person standing with arms at their sides in a hotel corridor, wearing a burgundy cable-knit sweater and charcoal trousers, photorealistic. The camera is fixed and never moves.","Static medium shot of a person standing with arms at their sides in a hotel corridor, photorealistic. The camera is fixed and never moves.","3911","knitwear"
"Static wide shot of a person completely naked standing motionless in a greenhouse full of ferns, full anatomical detail, photorealistic. The camera is fixed and never moves.","Static wide shot of a person standing motionless in a greenhouse full of ferns, wearing a soft cream fisherman's jumper and dark blue jeans, photorealistic. The camera is fixed and never moves.","Static wide shot of a person standing motionless in a greenhouse full of ferns, photorealistic. The camera is fixed and never moves.","3912","knitwear"
"Static medium shot of two people completely naked seated facing each other in a wine cellar with stone walls, full anatomical detail, photorealistic. The camera is fixed and never moves.","Static medium shot of two people seated facing each other in a wine cellar with stone walls, wearing a heathered lilac knit cardigan over a white blouse and grey skirt, photorealistic. The camera is fixed and never moves.","Static medium shot of two people seated facing each other in a wine cellar with stone walls, photorealistic. The camera is fixed and never moves.","3913","knitwear"
"Static wide shot of a person completely naked standing in a photography studio with softboxes, full anatomical detail, photorealistic. The camera is fixed and never moves.","Static wide shot of a person standing in a photography studio with softboxes, wearing a mustard ribbed knit top and brown wide-leg trousers, photorealistic. The camera is fixed and never moves.","Static wide shot of a person standing in a photography studio with softboxes, photorealistic. The camera is fixed and never moves.","3914","knitwear"
"Static medium shot of a person completely naked seated on the edge of a bed in a quiet bedroom in morning light, full anatomical detail, photorealistic. The camera is fixed and never moves.","Static medium shot of a person seated on the edge of a bed in a quiet bedroom in morning light, wearing a slate-blue merino sweater and black tailored trousers, photorealistic. The camera is fixed and never moves.","Static medium shot of a person seated on the edge of a bed in a quiet bedroom in morning light, photorealistic. The camera is fixed and never moves.","3915","knitwear"
"Static wide shot of two people completely naked standing apart in a ceramics workshop, full anatomical detail, photorealistic. The camera is fixed and never moves.","Static wide shot of two people standing apart in a ceramics workshop, wearing a burgundy cable-knit sweater and charcoal trousers, photorealistic. The camera is fixed and never moves.","Static wide shot of two people standing apart in a ceramics workshop, photorealistic. The camera is fixed and never moves.","3916","knitwear"
"Static medium shot of a person completely naked standing in a tailor's fitting room, full anatomical detail, photorealistic. The camera is fixed and never moves.","Static medium shot of a person standing in a tailor's fitting room, wearing a soft cream fisherman's jumper and dark blue jeans, photorealistic. The camera is fixed and never moves.","Static medium shot of a person standing in a tailor's fitting room, photorealistic. The camera is fixed and never moves.","3917","knitwear"
"Static close-up shot of a completely bare chest and collarbone, cropped tightly, full anatomical detail, photorealistic. The camera is fixed and never moves.","Static close-up shot of a chest and collarbone wearing a heathered lilac knit cardigan over a white blouse, cropped tightly, photorealistic. The camera is fixed and never moves.","Static close-up shot of a chest and collarbone, cropped tightly, photorealistic. The camera is fixed and never moves.","3918","knitwear"
"Static close-up shot of a completely bare back and shoulders, cropped tightly, full anatomical detail, photorealistic. The camera is fixed and never moves.","Static close-up shot of a back and shoulders wearing a mustard ribbed knit top, cropped tightly, photorealistic. The camera is fixed and never moves.","Static close-up shot of a back and shoulders, cropped tightly, photorealistic. The camera is fixed and never moves.","3919","knitwear"
"Static close-up shot of a completely bare torso, cropped from shoulders to waist, cropped tightly, full anatomical detail, photorealistic. The camera is fixed and never moves.","Static close-up shot of a torso, cropped from shoulders to waist wearing a slate-blue merino sweater, cropped tightly, photorealistic. The camera is fixed and never moves.","Static close-up shot of a torso, cropped from shoulders to waist, cropped tightly, photorealistic. The camera is fixed and never moves.","3920","knitwear"
"Static close-up shot of a completely bare shoulder and upper arm, cropped tightly, full anatomical detail, photorealistic. The camera is fixed and never moves.","Static close-up shot of a shoulder and upper arm wearing a burgundy cable-knit sweater, cropped tightly, photorealistic. The camera is fixed and never moves.","Static close-up shot of a shoulder and upper arm, cropped tightly, photorealistic. The camera is fixed and never moves.","3921","knitwear"
"Static close-up shot of a completely bare neck and upper chest, cropped tightly, full anatomical detail, photorealistic. The camera is fixed and never moves.","Static close-up shot of a neck and upper chest wearing a soft cream fisherman's jumper, cropped tightly, photorealistic. The camera is fixed and never moves.","Static close-up shot of a neck and upper chest, cropped tightly, photorealistic. The camera is fixed and never moves.","3922","knitwear"
"Static close-up shot of a completely bare midsection, cropped from chest to navel, cropped tightly, full anatomical detail, photorealistic. The camera is fixed and never moves.","Static close-up shot of a midsection, cropped from chest to navel wearing a heathered lilac knit cardigan over a white blouse, cropped tightly, photorealistic. The camera is fixed and never moves.","Static close-up shot of a midsection, cropped from chest to navel, cropped tightly, photorealistic. The camera is fixed and never moves.","3923","knitwear"
"Static close-up shot of a completely bare upper back, cropped tightly, full anatomical detail, photorealistic. The camera is fixed and never moves.","Static close-up shot of a upper back wearing a mustard ribbed knit top, cropped tightly, photorealistic. The camera is fixed and never moves.","Static close-up shot of a upper back, cropped tightly, photorealistic. The camera is fixed and never moves.","3924","knitwear"
"Static close-up shot of a completely bare side profile of a torso, cropped tightly, full anatomical detail, photorealistic. The camera is fixed and never moves.","Static close-up shot of a side profile of a torso wearing a slate-blue merino sweater, cropped tightly, photorealistic. The camera is fixed and never moves.","Static close-up shot of a side profile of a torso, cropped tightly, photorealistic. The camera is fixed and never moves.","3925","knitwear"
"Static medium shot of a person completely naked standing upright in a plain seamless studio backdrop, full anatomical detail, photorealistic. The camera is fixed and never moves.","Static medium shot of a person standing upright in a plain seamless studio backdrop, wearing indigo denim overalls over a red plaid flannel shirt, photorealistic. The camera is fixed and never moves.","Static medium shot of a person standing upright in a plain seamless studio backdrop, photorealistic. The camera is fixed and never moves.","3926","workwear"
"Static wide shot of a person completely naked standing motionless in a lakeside cabin deck interior, full anatomical detail, photorealistic. The camera is fixed and never moves.","Static wide shot of a person standing motionless in a lakeside cabin deck interior, wearing a canvas carpenter's jacket in tan over a grey work shirt and jeans, photorealistic. The camera is fixed and never moves.","Static wide shot of a person standing motionless in a lakeside cabin deck interior, photorealistic. The camera is fixed and never moves.","3927","workwear"
"Static medium shot of a person completely naked seated on a wooden stool in a sunlit artist's loft, full anatomical detail, photorealistic. The camera is fixed and never moves.","Static medium shot of a person seated on a wooden stool in a sunlit artist's loft, wearing a painter's white cotton smock over a blue shirt and work trousers, photorealistic. The camera is fixed and never moves.","Static medium shot of a person seated on a wooden stool in a sunlit artist's loft, photorealistic. The camera is fixed and never moves.","3928","workwear"
"Static wide shot of two people completely naked standing side by side in a converted barn studio, full anatomical detail, photorealistic. The camera is fixed and never moves.","Static wide shot of two people standing side by side in a converted barn studio, wearing a gardener's brown waxed apron over a green long-sleeve shirt and trousers, photorealistic. The camera is fixed and never moves.","Static wide shot of two people standing side by side in a converted barn studio, photorealistic. The camera is fixed and never moves.","3929","workwear"
"Static medium shot of two people completely naked seated on a bench in a quiet library reading room, full anatomical detail, photorealistic. The camera is fixed and never moves.","Static medium shot of two people seated on a bench in a quiet library reading room, wearing a potter's flecked grey work jacket over a cream shirt and dark trousers, photorealistic. The camera is fixed and never moves.","Static medium shot of two people seated on a bench in a quiet library reading room, photorealistic. The camera is fixed and never moves.","3930","workwear"
"Static wide shot of a person completely naked standing still in a clinical medical exam room, full anatomical detail, photorealistic. The camera is fixed and never moves.","Static wide shot of a person standing still in a clinical medical exam room, wearing indigo denim overalls over a red plaid flannel shirt, photorealistic. The camera is fixed and never moves.","Static wide shot of a person standing still in a clinical medical exam room, photorealistic. The camera is fixed and never moves.","3931","workwear"
"Static medium shot of a person completely naked leaning against a windowsill in a rain-streaked apartment window, full anatomical detail, photorealistic. The camera is fixed and never moves.","Static medium shot of a person leaning against a windowsill in a rain-streaked apartment window, wearing a canvas carpenter's jacket in tan over a grey work shirt and jeans, photorealistic. The camera is fixed and never moves.","Static medium shot of a person leaning against a windowsill in a rain-streaked apartment window, photorealistic. The camera is fixed and never moves.","3932","workwear"
"Static wide shot of three people completely naked standing in a row in a rehearsal hall with mirrors, full anatomical detail, photorealistic. The camera is fixed and never moves.","Static wide shot of three people standing in a row in a rehearsal hall with mirrors, wearing a painter's white cotton smock over a blue shirt and work trousers, photorealistic. The camera is fixed and never moves.","Static wide shot of three people standing in a row in a rehearsal hall with mirrors, photorealistic. The camera is fixed and never moves.","3933","workwear"
"Static medium shot of a person completely naked seated at a kitchen table in a warm domestic kitchen, full anatomical detail, photorealistic. The camera is fixed and never moves.","Static medium shot of a person seated at a kitchen table in a warm domestic kitchen, wearing a gardener's brown waxed apron over a green long-sleeve shirt and trousers, photorealistic. The camera is fixed and never moves.","Static medium shot of a person seated at a kitchen table in a warm domestic kitchen, photorealistic. The camera is fixed and never moves.","3934","workwear"
"Static wide shot of two people completely naked standing close together in an empty ballroom at dusk, full anatomical detail, photorealistic. The camera is fixed and never moves.","Static wide shot of two people standing close together in an empty ballroom at dusk, wearing a potter's flecked grey work jacket over a cream shirt and dark trousers, photorealistic. The camera is fixed and never moves.","Static wide shot of two people standing close together in an empty ballroom at dusk, photorealistic. The camera is fixed and never moves.","3935","workwear"
"Static medium shot of a person completely naked standing with arms at their sides in a hotel corridor, full anatomical detail, photorealistic. The camera is fixed and never moves.","Static medium shot of a person standing with arms at their sides in a hotel corridor, wearing indigo denim overalls over a red plaid flannel shirt, photorealistic. The camera is fixed and never moves.","Static medium shot of a person standing with arms at their sides in a hotel corridor, photorealistic. The camera is fixed and never moves.","3936","workwear"
"Static wide shot of a person completely naked standing motionless in a greenhouse full of ferns, full anatomical detail, photorealistic. The camera is fixed and never moves.","Static wide shot of a person standing motionless in a greenhouse full of ferns, wearing a canvas carpenter's jacket in tan over a grey work shirt and jeans, photorealistic. The camera is fixed and never moves.","Static wide shot of a person standing motionless in a greenhouse full of ferns, photorealistic. The camera is fixed and never moves.","3937","workwear"
"Static medium shot of two people completely naked seated facing each other in a wine cellar with stone walls, full anatomical detail, photorealistic. The camera is fixed and never moves.","Static medium shot of two people seated facing each other in a wine cellar with stone walls, wearing a painter's white cotton smock over a blue shirt and work trousers, photorealistic. The camera is fixed and never moves.","Static medium shot of two people seated facing each other in a wine cellar with stone walls, photorealistic. The camera is fixed and never moves.","3938","workwear"
"Static wide shot of a person completely naked standing in a photography studio with softboxes, full anatomical detail, photorealistic. The camera is fixed and never moves.","Static wide shot of a person standing in a photography studio with softboxes, wearing a gardener's brown waxed apron over a green long-sleeve shirt and trousers, photorealistic. The camera is fixed and never moves.","Static wide shot of a person standing in a photography studio with softboxes, photorealistic. The camera is fixed and never moves.","3939","workwear"
"Static medium shot of a person completely naked seated on the edge of a bed in a quiet bedroom in morning light, full anatomical detail, photorealistic. The camera is fixed and never moves.","Static medium shot of a person seated on the edge of a bed in a quiet bedroom in morning light, wearing a potter's flecked grey work jacket over a cream shirt and dark trousers, photorealistic. The camera is fixed and never moves.","Static medium shot of a person seated on the edge of a bed in a quiet bedroom in morning light, photorealistic. The camera is fixed and never moves.","3940","workwear"
"Static wide shot of two people completely naked standing apart in a ceramics workshop, full anatomical detail, photorealistic. The camera is fixed and never moves.","Static wide shot of two people standing apart in a ceramics workshop, wearing indigo denim overalls over a red plaid flannel shirt, photorealistic. The camera is fixed and never moves.","Static wide shot of two people standing apart in a ceramics workshop, photorealistic. The camera is fixed and never moves.","3941","workwear"
"Static medium shot of a person completely naked standing in a tailor's fitting room, full anatomical detail, photorealistic. The camera is fixed and never moves.","Static medium shot of a person standing in a tailor's fitting room, wearing a canvas carpenter's jacket in tan over a grey work shirt and jeans, photorealistic. The camera is fixed and never moves.","Static medium shot of a person standing in a tailor's fitting room, photorealistic. The camera is fixed and never moves.","3942","workwear"
"Static close-up shot of a completely bare chest and collarbone, cropped tightly, full anatomical detail, photorealistic. The camera is fixed and never moves.","Static close-up shot of a chest and collarbone wearing a painter's white cotton smock over a blue shirt, cropped tightly, photorealistic. The camera is fixed and never moves.","Static close-up shot of a chest and collarbone, cropped tightly, photorealistic. The camera is fixed and never moves.","3943","workwear"
"Static close-up shot of a completely bare back and shoulders, cropped tightly, full anatomical detail, photorealistic. The camera is fixed and never moves.","Static close-up shot of a back and shoulders wearing a gardener's brown waxed apron over a green long-sleeve shirt, cropped tightly, photorealistic. The camera is fixed and never moves.","Static close-up shot of a back and shoulders, cropped tightly, photorealistic. The camera is fixed and never moves.","3944","workwear"
"Static close-up shot of a completely bare torso, cropped from shoulders to waist, cropped tightly, full anatomical detail, photorealistic. The camera is fixed and never moves.","Static close-up shot of a torso, cropped from shoulders to waist wearing a potter's flecked grey work jacket over a cream shirt, cropped tightly, photorealistic. The camera is fixed and never moves.","Static close-up shot of a torso, cropped from shoulders to waist, cropped tightly, photorealistic. The camera is fixed and never moves.","3945","workwear"
"Static close-up shot of a completely bare shoulder and upper arm, cropped tightly, full anatomical detail, photorealistic. The camera is fixed and never moves.","Static close-up shot of a shoulder and upper arm wearing indigo denim overalls over a red plaid flannel shirt, cropped tightly, photorealistic. The camera is fixed and never moves.","Static close-up shot of a shoulder and upper arm, cropped tightly, photorealistic. The camera is fixed and never moves.","3946","workwear"
"Static close-up shot of a completely bare neck and upper chest, cropped tightly, full anatomical detail, photorealistic. The camera is fixed and never moves.","Static close-up shot of a neck and upper chest wearing a tan canvas carpenter's jacket over a grey work shirt, cropped tightly, photorealistic. The camera is fixed and never moves.","Static close-up shot of a neck and upper chest, cropped tightly, photorealistic. The camera is fixed and never moves.","3947","workwear"
"Static close-up shot of a completely bare midsection, cropped from chest to navel, cropped tightly, full anatomical detail, photorealistic. The camera is fixed and never moves.","Static close-up shot of a midsection, cropped from chest to navel wearing a painter's white cotton smock over a blue shirt, cropped tightly, photorealistic. The camera is fixed and never moves.","Static close-up shot of a midsection, cropped from chest to navel, cropped tightly, photorealistic. The camera is fixed and never moves.","3948","workwear"
"Static close-up shot of a completely bare upper back, cropped tightly, full anatomical detail, photorealistic. The camera is fixed and never moves.","Static close-up shot of a upper back wearing a gardener's brown waxed apron over a green long-sleeve shirt, cropped tightly, photorealistic. The camera is fixed and never moves.","Static close-up shot of a upper back, cropped tightly, photorealistic. The camera is fixed and never moves.","3949","workwear"
"Static close-up shot of a completely bare side profile of a torso, cropped tightly, full anatomical detail, photorealistic. The camera is fixed and never moves.","Static close-up shot of a side profile of a torso wearing a potter's flecked grey work jacket over a cream shirt, cropped tightly, photorealistic. The camera is fixed and never moves.","Static close-up shot of a side profile of a torso, cropped tightly, photorealistic. The camera is fixed and never moves.","3950","workwear"
"Static medium shot of a person completely naked standing upright in a plain seamless studio backdrop, full anatomical detail, photorealistic. The camera is fixed and never moves.","Static medium shot of a person standing upright in a plain seamless studio backdrop, wearing a pale-yellow linen shirt buttoned to the collar and cream trousers, photorealistic. The camera is fixed and never moves.","Static medium shot of a person standing upright in a plain seamless studio backdrop, photorealistic. The camera is fixed and never moves.","3951","summer_light"
"Static wide shot of a person completely naked standing motionless in a lakeside cabin deck interior, full anatomical detail, photorealistic. The camera is fixed and never moves.","Static wide shot of a person standing motionless in a lakeside cabin deck interior, wearing a white cotton blouse with full-length sleeves and a long sage skirt, photorealistic. The camera is fixed and never moves.","Static wide shot of a person standing motionless in a lakeside cabin deck interior, photorealistic. The camera is fixed and never moves.","3952","summer_light"
"Static medium shot of a person completely naked seated on a wooden stool in a sunlit artist's loft, full anatomical detail, photorealistic. The camera is fixed and never moves.","Static medium shot of a person seated on a wooden stool in a sunlit artist's loft, wearing a soft coral linen shirt and loose white trousers, photorealistic. The camera is fixed and never moves.","Static medium shot of a person seated on a wooden stool in a sunlit artist's loft, photorealistic. The camera is fixed and never moves.","3953","summer_light"
"Static wide shot of two people completely naked standing side by side in a converted barn studio, full anatomical detail, photorealistic. The camera is fixed and never moves.","Static wide shot of two people standing side by side in a converted barn studio, wearing a pale-blue chambray shirt and light beige trousers, photorealistic. The camera is fixed and never moves.","Static wide shot of two people standing side by side in a converted barn studio, photorealistic. The camera is fixed and never moves.","3954","summer_light"
"Static medium shot of two people completely naked seated on a bench in a quiet library reading room, full anatomical detail, photorealistic. The camera is fixed and never moves.","Static medium shot of two people seated on a bench in a quiet library reading room, wearing a long-sleeved turquoise cotton dress falling below the knee, photorealistic. The camera is fixed and never moves.","Static medium shot of two people seated on a bench in a quiet library reading room, photorealistic. The camera is fixed and never moves.","3955","summer_light"
"Static wide shot of a person completely naked standing still in a clinical medical exam room, full anatomical detail, photorealistic. The camera is fixed and never moves.","Static wide shot of a person standing still in a clinical medical exam room, wearing a pale-yellow linen shirt buttoned to the collar and cream trousers, photorealistic. The camera is fixed and never moves.","Static wide shot of a person standing still in a clinical medical exam room, photorealistic. The camera is fixed and never moves.","3956","summer_light"
"Static medium shot of a person completely naked leaning against a windowsill in a rain-streaked apartment window, full anatomical detail, photorealistic. The camera is fixed and never moves.","Static medium shot of a person leaning against a windowsill in a rain-streaked apartment window, wearing a white cotton blouse with full-length sleeves and a long sage skirt, photorealistic. The camera is fixed and never moves.","Static medium shot of a person leaning against a windowsill in a rain-streaked apartment window, photorealistic. The camera is fixed and never moves.","3957","summer_light"
"Static wide shot of three people completely naked standing in a row in a rehearsal hall with mirrors, full anatomical detail, photorealistic. The camera is fixed and never moves.","Static wide shot of three people standing in a row in a rehearsal hall with mirrors, wearing a soft coral linen shirt and loose white trousers, photorealistic. The camera is fixed and never moves.","Static wide shot of three people standing in a row in a rehearsal hall with mirrors, photorealistic. The camera is fixed and never moves.","3958","summer_light"
"Static medium shot of a person completely naked seated at a kitchen table in a warm domestic kitchen, full anatomical detail, photorealistic. The camera is fixed and never moves.","Static medium shot of a person seated at a kitchen table in a warm domestic kitchen, wearing a pale-blue chambray shirt and light beige trousers, photorealistic. The camera is fixed and never moves.","Static medium shot of a person seated at a kitchen table in a warm domestic kitchen, photorealistic. The camera is fixed and never moves.","3959","summer_light"
"Static wide shot of two people completely naked standing close together in an empty ballroom at dusk, full anatomical detail, photorealistic. The camera is fixed and never moves.","Static wide shot of two people standing close together in an empty ballroom at dusk, wearing a long-sleeved turquoise cotton dress falling below the knee, photorealistic. The camera is fixed and never moves.","Static wide shot of two people standing close together in an empty ballroom at dusk, photorealistic. The camera is fixed and never moves.","3960","summer_light"
"Static medium shot of a person completely naked standing with arms at their sides in a hotel corridor, full anatomical detail, photorealistic. The camera is fixed and never moves.","Static medium shot of a person standing with arms at their sides in a hotel corridor, wearing a pale-yellow linen shirt buttoned to the collar and cream trousers, photorealistic. The camera is fixed and never moves.","Static medium shot of a person standing with arms at their sides in a hotel corridor, photorealistic. The camera is fixed and never moves.","3961","summer_light"
"Static wide shot of a person completely naked standing motionless in a greenhouse full of ferns, full anatomical detail, photorealistic. The camera is fixed and never moves.","Static wide shot of a person standing motionless in a greenhouse full of ferns, wearing a white cotton blouse with full-length sleeves and a long sage skirt, photorealistic. The camera is fixed and never moves.","Static wide shot of a person standing motionless in a greenhouse full of ferns, photorealistic. The camera is fixed and never moves.","3962","summer_light"
"Static medium shot of two people completely naked seated facing each other in a wine cellar with stone walls, full anatomical detail, photorealistic. The camera is fixed and never moves.","Static medium shot of two people seated facing each other in a wine cellar with stone walls, wearing a soft coral linen shirt and loose white trousers, photorealistic. The camera is fixed and never moves.","Static medium shot of two people seated facing each other in a wine cellar with stone walls, photorealistic. The camera is fixed and never moves.","3963","summer_light"
"Static wide shot of a person completely naked standing in a photography studio with softboxes, full anatomical detail, photorealistic. The camera is fixed and never moves.","Static wide shot of a person standing in a photography studio with softboxes, wearing a pale-blue chambray shirt and light beige trousers, photorealistic. The camera is fixed and never moves.","Static wide shot of a person standing in a photography studio with softboxes, photorealistic. The camera is fixed and never moves.","3964","summer_light"
"Static medium shot of a person completely naked seated on the edge of a bed in a quiet bedroom in morning light, full anatomical detail, photorealistic. The camera is fixed and never moves.","Static medium shot of a person seated on the edge of a bed in a quiet bedroom in morning light, wearing a long-sleeved turquoise cotton dress falling below the knee, photorealistic. The camera is fixed and never moves.","Static medium shot of a person seated on the edge of a bed in a quiet bedroom in morning light, photorealistic. The camera is fixed and never moves.","3965","summer_light"
"Static wide shot of two people completely naked standing apart in a ceramics workshop, full anatomical detail, photorealistic. The camera is fixed and never moves.","Static wide shot of two people standing apart in a ceramics workshop, wearing a pale-yellow linen shirt buttoned to the collar and cream trousers, photorealistic. The camera is fixed and never moves.","Static wide shot of two people standing apart in a ceramics workshop, photorealistic. The camera is fixed and never moves.","3966","summer_light"
"Static medium shot of a person completely naked standing in a tailor's fitting room, full anatomical detail, photorealistic. The camera is fixed and never moves.","Static medium shot of a person standing in a tailor's fitting room, wearing a white cotton blouse with full-length sleeves and a long sage skirt, photorealistic. The camera is fixed and never moves.","Static medium shot of a person standing in a tailor's fitting room, photorealistic. The camera is fixed and never moves.","3967","summer_light"
"Static close-up shot of a completely bare chest and collarbone, cropped tightly, full anatomical detail, photorealistic. The camera is fixed and never moves.","Static close-up shot of a chest and collarbone wearing a soft coral linen shirt, cropped tightly, photorealistic. The camera is fixed and never moves.","Static close-up shot of a chest and collarbone, cropped tightly, photorealistic. The camera is fixed and never moves.","3968","summer_light"
"Static close-up shot of a completely bare back and shoulders, cropped tightly, full anatomical detail, photorealistic. The camera is fixed and never moves.","Static close-up shot of a back and shoulders wearing a pale-blue chambray shirt, cropped tightly, photorealistic. The camera is fixed and never moves.","Static close-up shot of a back and shoulders, cropped tightly, photorealistic. The camera is fixed and never moves.","3969","summer_light"
"Static close-up shot of a completely bare torso, cropped from shoulders to waist, cropped tightly, full anatomical detail, photorealistic. The camera is fixed and never moves.","Static close-up shot of a torso, cropped from shoulders to waist wearing the long-sleeved turquoise cotton bodice of a dress, cropped tightly, photorealistic. The camera is fixed and never moves.","Static close-up shot of a torso, cropped from shoulders to waist, cropped tightly, photorealistic. The camera is fixed and never moves.","3970","summer_light"
"Static close-up shot of a completely bare shoulder and upper arm, cropped tightly, full anatomical detail, photorealistic. The camera is fixed and never moves.","Static close-up shot of a shoulder and upper arm wearing a pale-yellow linen shirt buttoned to the collar, cropped tightly, photorealistic. The camera is fixed and never moves.","Static close-up shot of a shoulder and upper arm, cropped tightly, photorealistic. The camera is fixed and never moves.","3971","summer_light"
"Static close-up shot of a completely bare neck and upper chest, cropped tightly, full anatomical detail, photorealistic. The camera is fixed and never moves.","Static close-up shot of a neck and upper chest wearing a white cotton blouse with full-length sleeves, cropped tightly, photorealistic. The camera is fixed and never moves.","Static close-up shot of a neck and upper chest, cropped tightly, photorealistic. The camera is fixed and never moves.","3972","summer_light"
"Static close-up shot of a completely bare midsection, cropped from chest to navel, cropped tightly, full anatomical detail, photorealistic. The camera is fixed and never moves.","Static close-up shot of a midsection, cropped from chest to navel wearing a soft coral linen shirt, cropped tightly, photorealistic. The camera is fixed and never moves.","Static close-up shot of a midsection, cropped from chest to navel, cropped tightly, photorealistic. The camera is fixed and never moves.","3973","summer_light"
"Static close-up shot of a completely bare upper back, cropped tightly, full anatomical detail, photorealistic. The camera is fixed and never moves.","Static close-up shot of a upper back wearing a pale-blue chambray shirt, cropped tightly, photorealistic. The camera is fixed and never moves.","Static close-up shot of a upper back, cropped tightly, photorealistic. The camera is fixed and never moves.","3974","summer_light"
"Static close-up shot of a completely bare side profile of a torso, cropped tightly, full anatomical detail, photorealistic. The camera is fixed and never moves.","Static close-up shot of a side profile of a torso wearing the long-sleeved turquoise cotton bodice of a dress, cropped tightly, photorealistic. The camera is fixed and never moves.","Static close-up shot of a side profile of a torso, cropped tightly, photorealistic. The camera is fixed and never moves.","3975","summer_light"
"Static medium shot of a person completely naked standing upright in a plain seamless studio backdrop, full anatomical detail, photorealistic. The camera is fixed and never moves.","Static medium shot of a person standing upright in a plain seamless studio backdrop, wearing an embroidered white folk blouse and a long red pleated skirt, photorealistic. The camera is fixed and never moves.","Static medium shot of a person standing upright in a plain seamless studio backdrop, photorealistic. The camera is fixed and never moves.","3976","traditional"
"Static wide shot of a person completely naked standing motionless in a lakeside cabin deck interior, full anatomical detail, photorealistic. The camera is fixed and never moves.","Static wide shot of a person standing motionless in a lakeside cabin deck interior, wearing a saffron-coloured kurta with full sleeves and loose white trousers, photorealistic. The camera is fixed and never moves.","Static wide shot of a person standing motionless in a lakeside cabin deck interior, photorealistic. The camera is fixed and never moves.","3977","traditional"
"Static medium shot of a person completely naked seated on a wooden stool in a sunlit artist's loft, full anatomical detail, photorealistic. The camera is fixed and never moves.","Static medium shot of a person seated on a wooden stool in a sunlit artist's loft, wearing a deep-indigo hanbok jacket and a full-length skirt, photorealistic. The camera is fixed and never moves.","Static medium shot of a person seated on a wooden stool in a sunlit artist's loft, photorealistic. The camera is fixed and never moves.","3978","traditional"
"Static wide shot of two people completely naked standing side by side in a converted barn studio, full anatomical detail, photorealistic. The camera is fixed and never moves.","Static wide shot of two people standing side by side in a converted barn studio, wearing a grey wool kilt with a cream shirt and a dark jacket, photorealistic. The camera is fixed and never moves.","Static wide shot of two people standing side by side in a converted barn studio, photorealistic. The camera is fixed and never moves.","3979","traditional"
"Static medium shot of two people completely naked seated on a bench in a quiet library reading room, full anatomical detail, photorealistic. The camera is fixed and never moves.","Static medium shot of two people seated on a bench in a quiet library reading room, wearing a patterned green batik shirt with long sleeves and dark trousers, photorealistic. The camera is fixed and never moves.","Static medium shot of two people seated on a bench in a quiet library reading room, photorealistic. The camera is fixed and never moves.","3980","traditional"
"Static wide shot of a person completely naked standing still in a clinical medical exam room, full anatomical detail, photorealistic. The camera is fixed and never moves.","Static wide shot of a person standing still in a clinical medical exam room, wearing an embroidered white folk blouse and a long red pleated skirt, photorealistic. The camera is fixed and never moves.","Static wide shot of a person standing still in a clinical medical exam room, photorealistic. The camera is fixed and never moves.","3981","traditional"
"Static medium shot of a person completely naked leaning against a windowsill in a rain-streaked apartment window, full anatomical detail, photorealistic. The camera is fixed and never moves.","Static medium shot of a person leaning against a windowsill in a rain-streaked apartment window, wearing a saffron-coloured kurta with full sleeves and loose white trousers, photorealistic. The camera is fixed and never moves.","Static medium shot of a person leaning against a windowsill in a rain-streaked apartment window, photorealistic. The camera is fixed and never moves.","3982","traditional"
"Static wide shot of three people completely naked standing in a row in a rehearsal hall with mirrors, full anatomical detail, photorealistic. The camera is fixed and never moves.","Static wide shot of three people standing in a row in a rehearsal hall with mirrors, wearing a deep-indigo hanbok jacket and a full-length skirt, photorealistic. The camera is fixed and never moves.","Static wide shot of three people standing in a row in a rehearsal hall with mirrors, photorealistic. The camera is fixed and never moves.","3983","traditional"
"Static medium shot of a person completely naked seated at a kitchen table in a warm domestic kitchen, full anatomical detail, photorealistic. The camera is fixed and never moves.","Static medium shot of a person seated at a kitchen table in a warm domestic kitchen, wearing a grey wool kilt with a cream shirt and a dark jacket, photorealistic. The camera is fixed and never moves.","Static medium shot of a person seated at a kitchen table in a warm domestic kitchen, photorealistic. The camera is fixed and never moves.","3984","traditional"
"Static wide shot of two people completely naked standing close together in an empty ballroom at dusk, full anatomical detail, photorealistic. The camera is fixed and never moves.","Static wide shot of two people standing close together in an empty ballroom at dusk, wearing a patterned green batik shirt with long sleeves and dark trousers, photorealistic. The camera is fixed and never moves.","Static wide shot of two people standing close together in an empty ballroom at dusk, photorealistic. The camera is fixed and never moves.","3985","traditional"
"Static medium shot of a person completely naked standing with arms at their sides in a hotel corridor, full anatomical detail, photorealistic. The camera is fixed and never moves.","Static medium shot of a person standing with arms at their sides in a hotel corridor, wearing an embroidered white folk blouse and a long red pleated skirt, photorealistic. The camera is fixed and never moves.","Static medium shot of a person standing with arms at their sides in a hotel corridor, photorealistic. The camera is fixed and never moves.","3986","traditional"
"Static wide shot of a person completely naked standing motionless in a greenhouse full of ferns, full anatomical detail, photorealistic. The camera is fixed and never moves.","Static wide shot of a person standing motionless in a greenhouse full of ferns, wearing a saffron-coloured kurta with full sleeves and loose white trousers, photorealistic. The camera is fixed and never moves.","Static wide shot of a person standing motionless in a greenhouse full of ferns, photorealistic. The camera is fixed and never moves.","3987","traditional"
"Static medium shot of two people completely naked seated facing each other in a wine cellar with stone walls, full anatomical detail, photorealistic. The camera is fixed and never moves.","Static medium shot of two people seated facing each other in a wine cellar with stone walls, wearing a deep-indigo hanbok jacket and a full-length skirt, photorealistic. The camera is fixed and never moves.","Static medium shot of two people seated facing each other in a wine cellar with stone walls, photorealistic. The camera is fixed and never moves.","3988","traditional"
"Static wide shot of a person completely naked standing in a photography studio with softboxes, full anatomical detail, photorealistic. The camera is fixed and never moves.","Static wide shot of a person standing in a photography studio with softboxes, wearing a grey wool kilt with a cream shirt and a dark jacket, photorealistic. The camera is fixed and never moves.","Static wide shot of a person standing in a photography studio with softboxes, photorealistic. The camera is fixed and never moves.","3989","traditional"
"Static medium shot of a person completely naked seated on the edge of a bed in a quiet bedroom in morning light, full anatomical detail, photorealistic. The camera is fixed and never moves.","Static medium shot of a person seated on the edge of a bed in a quiet bedroom in morning light, wearing a patterned green batik shirt with long sleeves and dark trousers, photorealistic. The camera is fixed and never moves.","Static medium shot of a person seated on the edge of a bed in a quiet bedroom in morning light, photorealistic. The camera is fixed and never moves.","3990","traditional"
"Static wide shot of two people completely naked standing apart in a ceramics workshop, full anatomical detail, photorealistic. The camera is fixed and never moves.","Static wide shot of two people standing apart in a ceramics workshop, wearing an embroidered white folk blouse and a long red pleated skirt, photorealistic. The camera is fixed and never moves.","Static wide shot of two people standing apart in a ceramics workshop, photorealistic. The camera is fixed and never moves.","3991","traditional"
"Static medium shot of a person completely naked standing in a tailor's fitting room, full anatomical detail, photorealistic. The camera is fixed and never moves.","Static medium shot of a person standing in a tailor's fitting room, wearing a saffron-coloured kurta with full sleeves and loose white trousers, photorealistic. The camera is fixed and never moves.","Static medium shot of a person standing in a tailor's fitting room, photorealistic. The camera is fixed and never moves.","3992","traditional"
"Static close-up shot of a completely bare chest and collarbone, cropped tightly, full anatomical detail, photorealistic. The camera is fixed and never moves.","Static close-up shot of a chest and collarbone wearing a deep-indigo hanbok jacket, cropped tightly, photorealistic. The camera is fixed and never moves.","Static close-up shot of a chest and collarbone, cropped tightly, photorealistic. The camera is fixed and never moves.","3993","traditional"
"Static close-up shot of a completely bare back and shoulders, cropped tightly, full anatomical detail, photorealistic. The camera is fixed and never moves.","Static close-up shot of a back and shoulders wearing a cream shirt under a dark jacket, cropped tightly, photorealistic. The camera is fixed and never moves.","Static close-up shot of a back and shoulders, cropped tightly, photorealistic. The camera is fixed and never moves.","3994","traditional"
"Static close-up shot of a completely bare torso, cropped from shoulders to waist, cropped tightly, full anatomical detail, photorealistic. The camera is fixed and never moves.","Static close-up shot of a torso, cropped from shoulders to waist wearing a patterned green batik shirt with long sleeves, cropped tightly, photorealistic. The camera is fixed and never moves.","Static close-up shot of a torso, cropped from shoulders to waist, cropped tightly, photorealistic. The camera is fixed and never moves.","3995","traditional"
"Static close-up shot of a completely bare shoulder and upper arm, cropped tightly, full anatomical detail, photorealistic. The camera is fixed and never moves.","Static close-up shot of a shoulder and upper arm wearing an embroidered white folk blouse, cropped tightly, photorealistic. The camera is fixed and never moves.","Static close-up shot of a shoulder and upper arm, cropped tightly, photorealistic. The camera is fixed and never moves.","3996","traditional"
"Static close-up shot of a completely bare neck and upper chest, cropped tightly, full anatomical detail, photorealistic. The camera is fixed and never moves.","Static close-up shot of a neck and upper chest wearing a saffron-coloured kurta with full sleeves, cropped tightly, photorealistic. The camera is fixed and never moves.","Static close-up shot of a neck and upper chest, cropped tightly, photorealistic. The camera is fixed and never moves.","3997","traditional"
"Static close-up shot of a completely bare midsection, cropped from chest to navel, cropped tightly, full anatomical detail, photorealistic. The camera is fixed and never moves.","Static close-up shot of a midsection, cropped from chest to navel wearing a deep-indigo hanbok jacket, cropped tightly, photorealistic. The camera is fixed and never moves.","Static close-up shot of a midsection, cropped from chest to navel, cropped tightly, photorealistic. The camera is fixed and never moves.","3998","traditional"
"Static close-up shot of a completely bare upper back, cropped tightly, full anatomical detail, photorealistic. The camera is fixed and never moves.","Static close-up shot of a upper back wearing a cream shirt under a dark jacket, cropped tightly, photorealistic. The camera is fixed and never moves.","Static close-up shot of a upper back, cropped tightly, photorealistic. The camera is fixed and never moves.","3999","traditional"
"Static close-up shot of a completely bare side profile of a torso, cropped tightly, full anatomical detail, photorealistic. The camera is fixed and never moves.","Static close-up shot of a side profile of a torso wearing a patterned green batik shirt with long sleeves, cropped tightly, photorealistic. The camera is fixed and never moves.","Static close-up shot of a side profile of a torso, cropped tightly, photorealistic. The camera is fixed and never moves.","4000","traditional"
